{
  "pools": [
    {
      "rolls": {
        "min": 2,
        "max": 4
      },
      "bonus_rolls": 1,
      "entries": [
        {
          "type": "item",
          "name": "minecraft:nether_bricks",
          "weight": 1,
          "functions": [
            {
              "function": "minecraft:set_count",
              "count": {
                "min": 4,
                "max": 64
              }
            }
          ]
        },
        {
          "type": "item",
          "name": "minecraft:chiseled_nether_bricks",
          "weight": 1,
          "functions": [
            {
              "function": "minecraft:set_count",
              "count": {
                "min": 2,
                "max": 16
              }
            }
          ]
        },
        {
          "type": "item",
          "name": "minecraft:red_nether_bricks",
          "weight": 1,
          "functions": [
            {
              "function": "minecraft:set_count",
              "count": {
                "min": 4,
                "max": 64
              }
            }
          ]
        },
        {
          "type": "item",
          "name": "minecraft:basalt",
          "weight": 1,
          "functions": [
            {
              "function": "minecraft:set_count",
              "count": {
                "min": 4,
                "max": 64
              }
            }
          ]
        },
        {
          "type": "item",
          "name": "minecraft:blackstone",
          "weight": 1,
          "functions": [
            {
              "function": "minecraft:set_count",
              "count": {
                "min": 4,
                "max": 64
              }
            }
          ]
        },
        {
          "type": "item",
          "name": "minecraft:polished_blackstone",
          "weight": 1,
          "functions": [
            {
              "function": "minecraft:set_count",
              "count": {
                "min": 4,
                "max": 64
              }
            }
          ]
        },
        {
          "type": "item",
          "name": "minecraft:polished_blackstone_bricks",
          "weight": 1,
          "functions": [
            {
              "function": "minecraft:set_count",
              "count": {
                "min": 4,
                "max": 64
              }
            }
          ]
        },
        {
          "type": "item",
          "name": "minecraft:chiseled_polished_blackstone",
          "weight": 1,
          "functions": [
            {
              "function": "minecraft:set_count",
              "count": {
                "min": 2,
                "max": 16
              }
            }
          ]
        }
      ]
    },
    {
      "rolls": 1,
      "bonus_rolls": 1,
      "entries": [
        {
          "type": "item",
          "name": "minecraft:golden_pickaxe",
          "weight": 1
        },
        {
          "type": "item",
          "name": "minecraft:stone_pickaxe",
          "weight": 2
        }
      ]
    }
  ]
}