{
  "pools": [
    {
      "rolls": {
        "min": 1,
        "max": 2
      },
      "bonus_rolls": 1,
      "entries": [
        {
          "type": "item",
          "name": "minecraft:oak_log",
          "weight": 1,
          "functions": [
            {
              "function": "minecraft:set_count",
              "count": {
                "min": 4,
                "max": 64
              }
            }
          ]
        },
        {
          "type": "item",
          "name": "minecraft:spruce_log",
          "weight": 1,
          "functions": [
            {
              "function": "minecraft:set_count",
              "count": {
                "min": 4,
                "max": 64
              }
            }
          ]
        },
        {
          "type": "item",
          "name": "minecraft:birch_log",
          "weight": 1,
          "functions": [
            {
              "function": "minecraft:set_count",
              "count": {
                "min": 4,
                "max": 64
              }
            }
          ]
        },
        {
          "type": "item",
          "name": "minecraft:jungle_log",
          "weight": 1,
          "functions": [
            {
              "function": "minecraft:set_count",
              "count": {
                "min": 4,
                "max": 64
              }
            }
          ]
        },
        {
          "type": "item",
          "name": "minecraft:acacia_log",
          "weight": 1,
          "functions": [
            {
              "function": "minecraft:set_count",
              "count": {
                "min": 4,
                "max": 64
              }
            }
          ]
        },
        {
          "type": "item",
          "name": "minecraft:dark_oak_log",
          "weight": 1,
          "functions": [
            {
              "function": "minecraft:set_count",
              "count": {
                "min": 4,
                "max": 64
              }
            }
          ]
        },
        {
          "type": "item",
          "name": "minecraft:mangrove_log",
          "weight": 1,
          "functions": [
            {
              "function": "minecraft:set_count",
              "count": {
                "min": 4,
                "max": 64
              }
            }
          ]
        },
        {
          "type": "item",
          "name": "minecraft:cherry_log",
          "weight": 1,
          "functions": [
            {
              "function": "minecraft:set_count",
              "count": {
                "min": 4,
                "max": 64
              }
            }
          ]
        },
        {
          "type": "item",
          "name": "minecraft:bamboo_block",
          "weight": 1,
          "functions": [
            {
              "function": "minecraft:set_count",
              "count": {
                "min": 4,
                "max": 64
              }
            }
          ]
        },
        {
          "type": "item",
          "name": "minecraft:crimson_stem",
          "weight": 1,
          "functions": [
            {
              "function": "minecraft:set_count",
              "count": {
                "min": 4,
                "max": 64
              }
            }
          ]
        },
        {
          "type": "item",
          "name": "minecraft:warped_stem",
          "weight": 1,
          "functions": [
            {
              "function": "minecraft:set_count",
              "count": {
                "min": 4,
                "max": 64
              }
            }
          ]
        }
      ]
    },
    {
      "rolls": 1,
      "bonus_rolls": 1,
      "entries": [
        {
          "type": "item",
          "name": "minecraft:wooden_axe",
          "weight": 8
        },
        {
          "type": "item",
          "name": "minecraft:stone_axe",
          "weight": 4
        },
        {
          "type": "item",
          "name": "minecraft:iron_axe",
          "weight": 2
        },
        {
          "type": "item",
          "name": "minecraft:diamond_axe",
          "weight": 1
        }
      ]
    }
  ]
}