{
  "ultrawarm": false,
  "natural": false,
  "coordinate_scale": 0.001,
  "has_skylight": false,
  "has_ceiling": false,
  "ambient_light": 0.0,
  "fixed_time": 18000,
  "monster_spawn_light_level": 7,
  "monster_spawn_block_light_limit": 0,
  "piglin_safe": true,
  "bed_works": false,
  "respawn_anchor_works": true,
  "has_raids": false,
  "logical_height": 256,
  "min_y": 0,
  "height": 256,
  "infiniburn": "#minecraft:infiniburn_overworld",
  "effects": "minecraft:the_end"
}